transaction_date,store_id,store_size,location_type,promotion_type,is_weekend,is_festival,competition_density,items_sold
2022-01-01,28,small,semi-urban,free_gift,1,0,5,224
2022-01-01,5,medium,semi-urban,free_gift,1,1,1,348
2022-01-02,13,small,semi-urban,loyalty_points,1,0,6,249
2022-01-02,17,small,urban,free_gift,1,0,7,259
2022-01-03,50,medium,semi-urban,bogo,0,0,3,277
2022-01-03,40,large,urban,category_offer,0,1,4,411
2022-01-04,45,small,semi-urban,free_gift,0,0,3,193
2022-01-04,32,medium,rural,flat_discount,0,0,1,240
2022-01-05,29,large,urban,free_gift,0,0,8,305
2022-01-05,3,small,rural,loyalty_points,0,0,2,181
2022-01-06,40,medium,urban,bogo,0,0,1,331
2022-01-07,34,medium,semi-urban,bogo,0,0,8,255
2022-01-08,40,medium,rural,flat_discount,1,0,7,270
2022-01-09,27,small,urban,flat_discount,1,1,7,359
2022-01-10,13,medium,urban,bogo,0,0,4,271
2022-01-10,45,large,semi-urban,free_gift,0,0,9,274
2022-01-11,33,medium,urban,flat_discount,0,0,6,334
2022-01-11,6,small,semi-urban,loyalty_points,0,0,2,166
2022-01-11,24,large,rural,category_offer,0,0,1,237
2022-01-12,19,small,semi-urban,free_gift,0,0,1,190
2022-01-12,16,medium,urban,category_offer,0,0,9,271
2022-01-13,40,small,semi-urban,flat_discount,0,0,4,229
2022-01-14,28,large,semi-urban,free_gift,0,0,5,276
2022-01-15,33,medium,urban,category_offer,1,0,3,293
2022-01-15,48,medium,semi-urban,category_offer,1,0,4,280
2022-01-16,41,small,semi-urban,category_offer,1,0,8,186
2022-01-17,13,medium,semi-urban,bogo,0,0,4,276
2022-01-18,43,large,urban,loyalty_points,0,1,9,384
2022-01-18,45,large,semi-urban,flat_discount,0,0,9,251
2022-01-20,25,medium,urban,loyalty_points,0,0,6,213
2022-01-21,42,medium,urban,loyalty_points,0,0,2,303
2022-01-22,36,medium,rural,flat_discount,1,0,7,253
2022-01-23,27,large,semi-urban,category_offer,1,0,9,331
2022-01-23,38,medium,urban,flat_discount,1,0,6,328
2022-01-25,7,medium,urban,bogo,0,0,3,306
2022-01-25,5,medium,urban,free_gift,0,0,7,279
2022-01-25,43,medium,urban,free_gift,0,0,5,252
2022-01-27,45,small,urban,loyalty_points,0,0,1,230
2022-01-27,31,medium,urban,category_offer,0,0,3,261
2022-01-28,23,medium,semi-urban,free_gift,0,0,5,206
2022-01-28,42,large,semi-urban,category_offer,0,0,7,272
2022-01-29,10,small,semi-urban,loyalty_points,1,0,3,224
2022-01-29,32,medium,semi-urban,flat_discount,1,0,6,293
2022-01-29,43,medium,urban,loyalty_points,1,0,5,269
2022-01-29,30,medium,rural,flat_discount,1,0,1,326
2022-02-01,39,small,rural,category_offer,0,0,6,183
2022-02-03,31,medium,rural,bogo,0,0,8,260
2022-02-03,18,medium,rural,flat_discount,0,0,1,234
2022-02-03,36,medium,rural,bogo,0,0,2,210
2022-02-04,2,medium,semi-urban,category_offer,0,0,4,281
2022-02-04,14,medium,urban,bogo,0,0,2,312
2022-02-05,13,large,semi-urban,flat_discount,1,0,9,309
2022-02-06,29,small,semi-urban,free_gift,1,0,8,246
2022-02-06,12,large,semi-urban,loyalty_points,1,0,8,325
2022-02-07,39,medium,semi-urban,bogo,0,0,4,272
2022-02-07,2,small,urban,flat_discount,0,0,5,281
2022-02-08,32,small,urban,bogo,0,0,4,295
2022-02-08,13,medium,rural,flat_discount,0,0,9,191
2022-02-09,46,large,semi-urban,category_offer,0,0,2,262
2022-02-10,27,medium,semi-urban,category_offer,0,0,8,244
2022-02-10,49,large,urban,free_gift,0,0,2,256
2022-02-10,41,medium,urban,bogo,0,0,1,313
2022-02-11,17,medium,rural,category_offer,0,0,3,175
2022-02-11,40,small,semi-urban,free_gift,0,0,9,176
2022-02-12,31,medium,rural,category_offer,1,0,3,248
2022-02-16,34,medium,semi-urban,category_offer,0,0,9,209
2022-02-16,24,small,semi-urban,category_offer,0,0,7,170
2022-02-16,45,small,urban,free_gift,0,0,1,219
2022-02-16,35,medium,semi-urban,bogo,0,1,5,407
2022-02-16,48,medium,semi-urban,loyalty_points,0,0,9,254
2022-02-17,6,large,semi-urban,free_gift,0,0,3,256
2022-02-20,19,large,semi-urban,free_gift,1,0,9,352
2022-02-20,30,medium,rural,flat_discount,1,0,5,265
2022-02-20,7,medium,urban,free_gift,1,0,9,311
2022-02-22,10,medium,rural,free_gift,0,0,6,210
2022-02-23,41,large,urban,flat_discount,0,0,9,301
2022-02-23,32,small,semi-urban,flat_discount,0,0,7,233
2022-02-24,34,medium,urban,free_gift,0,1,7,352
2022-02-24,28,large,urban,category_offer,0,0,8,284
2022-02-24,15,medium,semi-urban,free_gift,0,0,7,201
2022-02-25,30,medium,urban,flat_discount,0,1,9,335
2022-02-27,37,medium,semi-urban,category_offer,1,0,9,221
2022-02-28,29,small,rural,flat_discount,0,0,6,187
2022-03-02,22,medium,urban,bogo,0,0,7,269
2022-03-02,4,medium,rural,flat_discount,0,0,2,232
2022-03-02,20,small,semi-urban,flat_discount,0,1,9,317
2022-03-03,32,small,semi-urban,flat_discount,0,1,1,336
2022-03-03,36,large,urban,bogo,0,0,1,356
2022-03-04,50,small,urban,flat_discount,0,0,3,253
2022-03-04,4,medium,urban,bogo,0,0,6,348
2022-03-06,27,small,urban,free_gift,1,0,5,293
2022-03-08,17,large,urban,free_gift,0,0,2,315
2022-03-10,12,small,semi-urban,bogo,0,0,9,182
2022-03-10,22,medium,rural,loyalty_points,0,1,4,287
2022-03-10,17,large,rural,flat_discount,0,1,4,373
2022-03-14,10,large,semi-urban,free_gift,0,0,5,264
2022-03-16,1,small,urban,flat_discount,0,0,8,248
2022-03-16,22,large,urban,flat_discount,0,0,4,323
2022-03-16,26,medium,urban,free_gift,0,0,5,270
2022-03-16,18,medium,urban,free_gift,0,0,4,215
2022-03-17,50,small,semi-urban,loyalty_points,0,0,6,171
2022-03-19,14,small,semi-urban,free_gift,1,0,3,275
2022-03-19,47,medium,urban,loyalty_points,1,0,8,275
2022-03-21,29,medium,urban,flat_discount,0,0,6,288
2022-03-22,12,medium,rural,flat_discount,0,1,5,291
2022-03-23,36,medium,rural,flat_discount,0,0,2,248
2022-03-24,35,large,urban,flat_discount,0,0,7,318
2022-03-27,12,small,rural,free_gift,1,0,2,205
2022-03-28,7,medium,rural,category_offer,0,0,1,250
2022-03-29,29,small,urban,flat_discount,0,1,7,347
2022-03-30,11,large,urban,loyalty_points,0,0,5,279
2022-03-31,33,medium,semi-urban,loyalty_points,0,0,1,244
2022-03-31,6,large,rural,bogo,0,0,4,301
2022-03-31,47,small,rural,flat_discount,0,0,4,209
2022-04-01,15,small,urban,flat_discount,0,0,7,201
2022-04-02,32,small,urban,flat_discount,1,0,9,308
2022-04-03,11,small,semi-urban,flat_discount,1,0,2,254
2022-04-04,23,small,semi-urban,free_gift,0,0,1,203
2022-04-05,26,large,urban,flat_discount,0,0,2,404
2022-04-05,34,small,rural,bogo,0,0,7,206
2022-04-05,46,small,semi-urban,loyalty_points,0,0,6,167
2022-04-06,34,large,rural,category_offer,0,0,4,192
2022-04-06,29,medium,rural,loyalty_points,0,0,1,241
2022-04-06,4,large,semi-urban,flat_discount,0,1,1,353
2022-04-08,17,small,semi-urban,bogo,0,0,5,204
2022-04-08,35,medium,semi-urban,free_gift,0,0,1,243
2022-04-09,13,small,urban,flat_discount,1,0,7,324
2022-04-09,41,small,semi-urban,flat_discount,1,0,1,291
2022-04-09,39,large,urban,category_offer,1,0,1,358
2022-04-12,15,small,semi-urban,category_offer,0,0,2,206
2022-04-13,29,medium,urban,bogo,0,0,3,295
2022-04-14,29,medium,urban,free_gift,0,0,1,290
2022-04-14,11,medium,urban,bogo,0,0,9,294
2022-04-15,32,large,urban,flat_discount,0,0,8,345
2022-04-17,2,small,semi-urban,bogo,1,0,5,299
2022-04-18,47,medium,semi-urban,flat_discount,0,0,2,276
2022-04-19,14,large,semi-urban,flat_discount,0,0,5,285
2022-04-19,20,medium,urban,loyalty_points,0,1,6,350
2022-04-21,22,large,urban,free_gift,0,0,1,324
2022-04-21,11,small,urban,category_offer,0,0,4,200
2022-04-21,27,medium,urban,bogo,0,0,9,282
2022-04-23,3,small,rural,bogo,1,0,2,261
2022-04-23,17,medium,urban,flat_discount,1,0,5,357
2022-04-24,44,large,urban,flat_discount,1,0,1,382
2022-04-25,28,small,urban,flat_discount,0,0,4,222
2022-04-27,29,medium,urban,category_offer,0,0,4,269
2022-04-27,21,small,semi-urban,category_offer,0,0,6,189
2022-04-28,47,medium,semi-urban,free_gift,0,0,9,232
2022-04-28,16,medium,urban,free_gift,0,0,3,303
2022-04-30,37,large,urban,loyalty_points,1,0,9,353
2022-05-02,20,medium,urban,flat_discount,0,0,6,272
2022-05-03,6,medium,urban,bogo,0,0,7,283
2022-05-06,19,small,urban,bogo,0,0,2,247
2022-05-06,5,small,rural,category_offer,0,0,6,179
2022-05-07,3,small,semi-urban,loyalty_points,1,0,6,258
2022-05-08,1,small,semi-urban,flat_discount,1,0,2,261
2022-05-08,38,large,semi-urban,loyalty_points,1,0,2,307
2022-05-08,15,medium,semi-urban,loyalty_points,1,0,2,310
2022-05-10,34,medium,semi-urban,flat_discount,0,0,1,279
2022-05-10,35,small,semi-urban,bogo,0,0,5,240
2022-05-11,49,large,semi-urban,bogo,0,0,8,271
2022-05-11,25,medium,urban,loyalty_points,0,0,2,280
2022-05-11,24,small,semi-urban,flat_discount,0,0,5,191
2022-05-12,12,medium,semi-urban,category_offer,0,0,8,192
2022-05-13,18,medium,rural,bogo,0,0,5,236
2022-05-14,15,small,semi-urban,category_offer,1,0,2,229
2022-05-15,44,medium,semi-urban,bogo,1,0,3,315
2022-05-17,16,medium,urban,free_gift,0,0,6,235
2022-05-18,27,small,semi-urban,loyalty_points,0,0,5,203
2022-05-19,8,large,urban,category_offer,0,0,4,336
2022-05-20,46,large,urban,loyalty_points,0,0,4,249
2022-05-21,25,medium,urban,flat_discount,1,0,5,359
2022-05-23,17,medium,semi-urban,category_offer,0,0,2,218
2022-05-24,29,medium,urban,flat_discount,0,0,9,299
2022-05-24,8,medium,urban,bogo,0,1,2,392
2022-05-24,15,medium,rural,free_gift,0,0,2,224
2022-05-25,27,small,urban,bogo,0,0,9,248
2022-05-25,46,medium,semi-urban,free_gift,0,0,3,276
2022-05-26,50,large,semi-urban,loyalty_points,0,0,7,223
2022-05-26,7,medium,urban,flat_discount,0,0,4,308
2022-05-27,3,small,rural,category_offer,0,0,6,189
2022-05-27,29,large,urban,bogo,0,0,4,365
2022-05-28,44,small,semi-urban,flat_discount,1,0,7,312
2022-05-29,24,small,semi-urban,flat_discount,1,0,1,258
2022-05-30,3,small,semi-urban,loyalty_points,0,0,3,209
2022-05-31,20,medium,semi-urban,loyalty_points,0,0,3,223
2022-05-31,46,large,urban,loyalty_points,0,0,1,337
2022-06-01,15,medium,urban,loyalty_points,0,0,6,251
2022-06-02,25,small,semi-urban,flat_discount,0,0,9,193
2022-06-03,30,large,semi-urban,bogo,0,0,8,333
2022-06-03,14,large,rural,category_offer,0,1,7,306
2022-06-03,7,large,rural,free_gift,0,0,8,210
2022-06-04,17,small,rural,bogo,1,0,6,234
2022-06-05,44,medium,semi-urban,bogo,1,0,9,318
2022-06-06,20,large,urban,free_gift,0,0,3,355
2022-06-07,36,large,rural,free_gift,0,0,9,245
2022-06-09,9,small,semi-urban,flat_discount,0,0,4,250
2022-06-09,38,small,urban,free_gift,0,0,7,195
2022-06-10,48,medium,rural,free_gift,0,1,9,271
2022-06-11,22,large,rural,free_gift,1,0,2,301
2022-06-11,2,medium,semi-urban,flat_discount,1,0,2,306
2022-06-14,24,medium,urban,category_offer,0,0,9,255
2022-06-15,8,small,urban,flat_discount,0,0,3,273
2022-06-16,11,medium,rural,bogo,0,1,9,301
2022-06-16,13,large,rural,category_offer,0,0,5,248
2022-06-17,17,medium,urban,free_gift,0,0,6,270
2022-06-19,8,large,urban,bogo,1,0,2,375
2022-06-19,21,large,rural,category_offer,1,0,8,278
2022-06-21,18,small,urban,free_gift,0,0,9,219
2022-06-21,30,medium,semi-urban,category_offer,0,0,2,234
2022-06-22,18,small,rural,category_offer,0,0,6,162
2022-06-22,46,large,urban,free_gift,0,0,6,313
2022-06-22,47,medium,semi-urban,free_gift,0,0,8,220
2022-06-26,31,medium,urban,flat_discount,1,0,5,366
2022-06-26,38,large,urban,bogo,1,1,9,428
2022-06-26,32,medium,rural,bogo,1,0,1,283
2022-06-30,11,large,semi-urban,free_gift,0,0,9,337
2022-07-01,45,medium,rural,free_gift,0,0,7,183
2022-07-02,25,small,semi-urban,bogo,1,0,4,244
2022-07-03,33,medium,urban,flat_discount,1,0,3,359
2022-07-06,38,large,urban,free_gift,0,1,6,340
2022-07-06,41,medium,urban,bogo,0,0,1,311
2022-07-06,8,large,urban,category_offer,0,1,3,444
2022-07-07,11,large,urban,flat_discount,0,0,2,300
2022-07-07,22,small,urban,free_gift,0,0,9,173
2022-07-09,24,large,semi-urban,loyalty_points,1,1,3,353
2022-07-09,41,small,semi-urban,flat_discount,1,0,2,291
2022-07-09,17,small,semi-urban,free_gift,1,1,4,356
2022-07-10,12,small,semi-urban,flat_discount,1,0,2,256
2022-07-11,46,large,urban,free_gift,0,1,1,424
2022-07-13,32,medium,urban,free_gift,0,0,6,306
2022-07-13,15,small,semi-urban,bogo,0,0,8,265
2022-07-15,16,medium,semi-urban,free_gift,0,0,2,242
2022-07-17,22,medium,urban,loyalty_points,1,0,9,230
2022-07-17,28,small,rural,flat_discount,1,0,3,220
2022-07-20,20,large,rural,flat_discount,0,0,8,250
2022-07-20,33,large,semi-urban,loyalty_points,0,0,8,244
2022-07-21,10,medium,urban,free_gift,0,0,3,276
2022-07-21,40,large,rural,loyalty_points,0,0,3,268
2022-07-22,32,medium,semi-urban,free_gift,0,0,6,268
2022-07-22,50,large,rural,category_offer,0,0,1,252
2022-07-24,33,medium,rural,bogo,1,0,4,320
2022-07-25,2,medium,rural,category_offer,0,0,1,225
2022-07-26,33,small,semi-urban,loyalty_points,0,0,3,187
2022-07-27,33,large,urban,free_gift,0,0,9,325
2022-08-02,41,medium,semi-urban,flat_discount,0,1,5,336
2022-08-03,13,small,semi-urban,bogo,0,0,5,281
2022-08-04,30,small,semi-urban,flat_discount,0,0,4,182
2022-08-04,33,medium,urban,flat_discount,0,0,3,283
2022-08-04,13,medium,urban,bogo,0,0,5,301
2022-08-05,26,medium,rural,free_gift,0,0,4,228
2022-08-05,22,large,semi-urban,free_gift,0,0,8,302
2022-08-05,39,small,rural,bogo,0,0,4,207
2022-08-06,2,medium,rural,free_gift,1,0,8,215
2022-08-06,38,small,semi-urban,flat_discount,1,0,6,278
2022-08-06,39,large,semi-urban,flat_discount,1,0,5,358
2022-08-08,26,large,rural,flat_discount,0,1,4,304
2022-08-12,46,medium,semi-urban,free_gift,0,0,4,242
2022-08-13,50,medium,semi-urban,flat_discount,1,0,4,263
2022-08-14,15,medium,urban,bogo,1,1,9,401
2022-08-14,34,medium,semi-urban,bogo,1,0,4,295
2022-08-14,42,large,semi-urban,category_offer,1,0,9,323
2022-08-16,44,medium,urban,flat_discount,0,0,6,289
2022-08-16,49,medium,urban,category_offer,0,1,7,306
2022-08-17,40,medium,urban,category_offer,0,1,3,373
2022-08-18,11,large,urban,category_offer,0,0,8,260
2022-08-19,3,medium,urban,loyalty_points,0,0,3,269
2022-08-19,6,small,semi-urban,flat_discount,0,0,1,206
2022-08-21,9,medium,rural,flat_discount,1,0,5,265
2022-08-21,6,large,semi-urban,loyalty_points,1,0,2,326
2022-08-23,9,small,urban,free_gift,0,1,6,325
2022-08-24,39,small,urban,free_gift,0,0,9,256
2022-08-24,31,small,semi-urban,category_offer,0,0,1,199
2022-08-25,32,medium,urban,category_offer,0,0,4,275
2022-08-27,41,medium,rural,loyalty_points,1,0,1,241
2022-08-30,50,medium,semi-urban,loyalty_points,0,0,1,236
2022-08-31,12,medium,rural,category_offer,0,0,8,206
2022-09-01,8,medium,urban,bogo,0,1,2,391
2022-09-02,8,medium,semi-urban,loyalty_points,0,1,1,266
2022-09-03,50,large,urban,flat_discount,1,0,8,374
2022-09-04,28,medium,rural,flat_discount,1,0,4,287
2022-09-04,20,large,semi-urban,loyalty_points,1,0,3,293
2022-09-06,47,medium,urban,bogo,0,0,4,275
2022-09-06,7,small,urban,flat_discount,0,0,5,286
2022-09-07,11,medium,urban,flat_discount,0,0,1,314
2022-09-07,20,medium,semi-urban,loyalty_points,0,1,1,306
2022-09-08,16,medium,urban,free_gift,0,0,3,252
2022-09-10,4,small,semi-urban,category_offer,1,0,6,211
2022-09-10,6,small,urban,flat_discount,1,0,1,339
2022-09-11,22,large,semi-urban,category_offer,1,0,2,327
2022-09-11,26,small,rural,category_offer,1,0,7,190
2022-09-13,3,large,rural,bogo,0,0,1,309
2022-09-15,41,small,rural,bogo,0,0,7,178
2022-09-16,42,medium,urban,flat_discount,0,0,4,330
2022-09-16,14,medium,urban,loyalty_points,0,0,6,285
2022-09-18,11,medium,semi-urban,category_offer,1,0,8,254
2022-09-18,18,medium,urban,loyalty_points,1,0,9,272
2022-09-20,12,small,semi-urban,bogo,0,0,6,161
2022-09-21,23,small,urban,category_offer,0,0,9,175
2022-09-22,12,medium,urban,category_offer,0,0,4,234
2022-09-23,13,medium,urban,category_offer,0,0,6,265
2022-09-25,25,large,rural,loyalty_points,1,1,8,342
2022-09-25,45,large,urban,bogo,1,0,9,344
2022-09-26,19,large,semi-urban,flat_discount,0,0,3,293
2022-09-27,46,large,urban,category_offer,0,1,2,406
2022-09-27,36,medium,semi-urban,category_offer,0,0,6,240
2022-09-29,45,small,urban,free_gift,0,0,4,190
2022-10-02,8,large,rural,flat_discount,1,0,1,323
2022-10-04,29,medium,rural,free_gift,0,1,8,251
2022-10-04,32,medium,urban,bogo,0,1,9,395
2022-10-06,44,small,rural,bogo,0,0,9,212
2022-10-07,18,medium,rural,category_offer,0,0,2,191
2022-10-07,6,medium,rural,category_offer,0,0,9,173
2022-10-08,18,large,rural,flat_discount,1,1,7,377
2022-10-11,19,medium,urban,bogo,0,1,5,328
2022-10-12,22,medium,semi-urban,bogo,0,0,7,272
2022-10-12,37,large,urban,flat_discount,0,0,9,311
2022-10-12,32,small,urban,category_offer,0,0,8,240
2022-10-13,41,medium,rural,loyalty_points,0,0,6,164
2022-10-16,3,small,urban,bogo,1,0,4,297
2022-10-16,28,medium,semi-urban,category_offer,1,0,1,249
2022-10-20,10,large,rural,loyalty_points,0,0,6,206
2022-10-21,35,small,rural,loyalty_points,0,0,3,131
2022-10-23,29,large,rural,flat_discount,1,1,6,416
2022-10-23,15,small,urban,loyalty_points,1,0,6,239
2022-10-23,33,large,urban,bogo,1,0,4,396
2022-10-29,7,large,semi-urban,bogo,1,0,2,354
2022-10-29,12,large,urban,flat_discount,1,1,9,411
2022-10-30,49,small,urban,free_gift,1,0,2,284
2022-11-01,30,large,urban,flat_discount,0,0,3,350
2022-11-07,21,medium,rural,flat_discount,0,0,1,211
2022-11-09,31,medium,semi-urban,bogo,0,0,7,284
2022-11-09,24,large,urban,category_offer,0,0,1,295
2022-11-10,20,small,semi-urban,loyalty_points,0,0,9,155
2022-11-11,37,large,urban,bogo,0,1,1,450
2022-11-12,4,small,urban,loyalty_points,1,0,5,243
2022-11-14,28,medium,rural,loyalty_points,0,0,7,189
2022-11-14,44,medium,semi-urban,category_offer,0,0,3,228
2022-11-14,20,small,rural,flat_discount,0,0,9,181
2022-11-16,24,small,urban,category_offer,0,0,8,156
2022-11-17,50,small,rural,loyalty_points,0,0,3,115
2022-11-17,49,medium,semi-urban,category_offer,0,0,5,245
2022-11-20,32,medium,semi-urban,bogo,1,0,7,334
2022-11-20,41,medium,semi-urban,free_gift,1,0,4,265
2022-11-22,36,small,rural,category_offer,0,0,5,158
2022-11-23,34,small,semi-urban,free_gift,0,0,3,213
2022-11-24,36,medium,semi-urban,flat_discount,0,1,9,340
2022-11-24,2,small,rural,bogo,0,0,9,142
2022-11-25,15,large,rural,category_offer,0,0,7,216
2022-11-25,34,large,semi-urban,loyalty_points,0,0,2,260
2022-11-26,36,medium,semi-urban,flat_discount,1,0,7,311
2022-11-26,6,medium,urban,loyalty_points,1,0,7,356
2022-11-27,39,large,urban,bogo,1,1,5,464
2022-11-30,42,small,semi-urban,category_offer,0,0,9,142
2022-12-01,12,small,rural,category_offer,0,0,3,181
2022-12-02,3,small,rural,category_offer,0,0,4,201
2022-12-03,45,large,urban,loyalty_points,1,0,1,354
2022-12-04,18,small,semi-urban,bogo,1,0,6,249
2022-12-04,40,medium,urban,loyalty_points,1,0,4,326
2022-12-04,21,large,rural,flat_discount,1,0,1,343
2022-12-05,15,large,rural,category_offer,0,0,2,228
2022-12-05,33,medium,semi-urban,category_offer,0,0,3,245
2022-12-06,35,small,rural,category_offer,0,0,9,177
2022-12-07,26,large,semi-urban,bogo,0,0,8,330
2022-12-08,8,medium,semi-urban,loyalty_points,0,0,7,212
2022-12-08,36,small,urban,flat_discount,0,0,4,244
2022-12-10,48,small,semi-urban,flat_discount,1,0,1,302
2022-12-12,30,large,semi-urban,category_offer,0,1,8,310
2022-12-12,23,medium,semi-urban,free_gift,0,0,4,253
2022-12-12,42,large,urban,loyalty_points,0,0,3,266
2022-12-13,44,large,rural,bogo,0,0,9,299
2022-12-14,14,medium,urban,flat_discount,0,0,4,286
2022-12-16,14,medium,semi-urban,loyalty_points,0,0,4,254
2022-12-16,2,medium,semi-urban,free_gift,0,0,9,240
2022-12-22,37,medium,semi-urban,flat_discount,0,0,2,233
2022-12-23,5,medium,semi-urban,category_offer,0,0,5,265
2022-12-24,38,large,urban,free_gift,1,0,4,401
2022-12-26,45,medium,urban,free_gift,0,0,9,285
2022-12-29,41,large,semi-urban,free_gift,0,0,5,260
2022-12-29,47,medium,semi-urban,category_offer,0,0,9,210
2022-12-30,14,medium,urban,category_offer,0,0,9,256
2022-12-31,39,medium,semi-urban,category_offer,1,0,2,266
2022-12-31,25,medium,semi-urban,flat_discount,1,0,9,330
2023-01-05,20,medium,semi-urban,loyalty_points,0,0,3,229
2023-01-06,2,small,rural,category_offer,0,0,4,100
2023-01-07,39,medium,urban,category_offer,1,0,1,330
2023-01-08,6,small,urban,bogo,1,0,1,313
2023-01-09,17,medium,rural,loyalty_points,0,0,1,205
2023-01-09,25,medium,semi-urban,category_offer,0,0,9,208
2023-01-11,28,medium,semi-urban,flat_discount,0,0,8,266
2023-01-11,2,large,rural,bogo,0,0,5,312
2023-01-12,35,medium,rural,loyalty_points,0,0,5,202
2023-01-14,37,medium,rural,flat_discount,1,0,9,254
2023-01-15,5,medium,semi-urban,loyalty_points,1,0,3,269
2023-01-15,1,medium,semi-urban,category_offer,1,0,3,281
2023-01-20,40,small,semi-urban,category_offer,0,0,7,163
2023-01-20,12,small,urban,bogo,0,0,9,267
2023-01-21,36,medium,semi-urban,flat_discount,1,0,6,308
2023-01-21,45,medium,urban,loyalty_points,1,0,2,347
2023-01-22,23,small,rural,bogo,1,1,1,373
2023-01-23,47,small,semi-urban,category_offer,0,0,2,181
2023-01-24,31,small,semi-urban,bogo,0,0,1,262
2023-01-24,11,large,urban,flat_discount,0,0,9,294
2023-01-25,10,medium,urban,flat_discount,0,1,8,378
2023-01-26,3,medium,urban,free_gift,0,0,7,256
2023-01-26,14,small,semi-urban,loyalty_points,0,0,3,160
2023-01-27,16,medium,urban,bogo,0,0,8,303
2023-01-28,10,small,semi-urban,bogo,1,0,2,217
2023-01-31,29,small,rural,bogo,0,0,2,170
2023-01-31,10,medium,rural,free_gift,0,0,3,216
2023-01-31,12,small,semi-urban,bogo,0,0,7,226
2023-01-31,30,small,urban,loyalty_points,0,0,1,217
2023-02-01,41,small,rural,free_gift,0,1,8,206
2023-02-01,1,small,rural,free_gift,0,0,7,148
2023-02-02,5,small,urban,flat_discount,0,1,4,342
2023-02-02,20,medium,semi-urban,loyalty_points,0,0,5,234
2023-02-02,8,large,urban,flat_discount,0,0,1,341
2023-02-03,43,medium,rural,flat_discount,0,0,4,261
2023-02-04,12,medium,rural,category_offer,1,0,1,271
2023-02-05,1,small,urban,free_gift,1,0,1,273
2023-02-05,20,large,rural,bogo,1,0,1,334
2023-02-05,28,medium,semi-urban,bogo,1,0,7,273
2023-02-05,43,small,rural,category_offer,1,0,7,201
2023-02-06,37,medium,semi-urban,flat_discount,0,0,4,285
2023-02-06,47,small,rural,category_offer,0,0,2,191
2023-02-06,37,medium,urban,category_offer,0,0,3,306
2023-02-07,12,medium,urban,bogo,0,0,8,288
2023-02-08,37,large,urban,free_gift,0,1,8,419
2023-02-09,49,medium,rural,bogo,0,0,6,237
2023-02-10,49,medium,rural,category_offer,0,0,9,229
2023-02-11,44,large,rural,free_gift,1,0,9,287
2023-02-12,28,small,rural,bogo,1,0,4,270
2023-02-17,47,small,urban,free_gift,0,1,1,363
2023-02-18,15,medium,urban,loyalty_points,1,0,1,307
2023-02-22,6,medium,urban,bogo,0,0,5,310
2023-02-22,44,medium,urban,loyalty_points,0,0,2,296
2023-02-23,20,large,urban,bogo,0,0,6,338
2023-02-23,50,medium,semi-urban,flat_discount,0,1,7,295
2023-02-24,14,medium,urban,flat_discount,0,0,1,355
2023-02-24,2,medium,urban,bogo,0,0,6,290
2023-02-26,9,large,urban,flat_discount,1,0,8,369
2023-03-01,37,large,urban,flat_discount,0,0,5,358
2023-03-05,20,large,rural,loyalty_points,1,0,7,258
2023-03-08,26,small,rural,loyalty_points,0,0,6,126
2023-03-08,29,medium,rural,category_offer,0,0,4,214
2023-03-11,1,small,semi-urban,flat_discount,1,1,7,289
2023-03-11,35,small,urban,flat_discount,1,0,9,275
2023-03-11,6,small,rural,flat_discount,1,0,7,235
2023-03-14,37,medium,urban,category_offer,0,0,5,258
2023-03-14,5,medium,urban,loyalty_points,0,1,7,290
2023-03-18,33,small,urban,bogo,1,0,3,355
2023-03-18,49,medium,urban,flat_discount,1,0,2,346
2023-03-18,14,medium,urban,free_gift,1,0,5,355
2023-03-19,12,medium,urban,bogo,1,0,4,346
2023-03-20,42,small,semi-urban,bogo,0,0,5,207
2023-03-21,20,medium,urban,free_gift,0,0,8,272
2023-03-21,50,large,urban,category_offer,0,0,4,302
2023-03-23,24,small,rural,flat_discount,0,0,9,148
2023-03-25,43,small,urban,flat_discount,1,0,7,325
2023-03-26,34,medium,urban,loyalty_points,1,0,7,278
2023-03-28,25,large,rural,flat_discount,0,1,8,294
2023-03-29,50,medium,urban,flat_discount,0,0,6,320
2023-03-29,29,medium,urban,flat_discount,0,0,8,268
2023-03-29,39,medium,semi-urban,flat_discount,0,0,3,245
2023-03-30,31,medium,urban,bogo,0,0,1,272
2023-03-31,47,small,semi-urban,category_offer,0,0,6,230
2023-03-31,43,medium,rural,bogo,0,0,1,224
2023-04-01,50,large,urban,bogo,1,0,9,379
2023-04-01,23,medium,semi-urban,category_offer,1,0,2,306
2023-04-02,44,large,semi-urban,free_gift,1,0,2,344
2023-04-02,38,medium,urban,loyalty_points,1,0,7,292
2023-04-05,20,small,semi-urban,loyalty_points,0,0,2,146
2023-04-05,23,large,urban,flat_discount,0,0,8,300
2023-04-06,45,small,semi-urban,category_offer,0,0,6,191
2023-04-09,16,medium,urban,free_gift,1,0,7,294
2023-04-11,50,small,semi-urban,loyalty_points,0,0,7,179
2023-04-12,42,small,urban,free_gift,0,0,6,249
2023-04-13,8,medium,rural,loyalty_points,0,1,9,287
2023-04-14,50,small,urban,category_offer,0,0,9,182
2023-04-15,21,medium,semi-urban,flat_discount,1,0,7,348
2023-04-16,1,medium,semi-urban,free_gift,1,0,9,292
2023-04-16,8,small,semi-urban,loyalty_points,1,1,3,310
2023-04-16,29,small,semi-urban,loyalty_points,1,1,3,338
2023-04-18,32,medium,semi-urban,flat_discount,0,0,1,326
2023-04-19,38,medium,rural,category_offer,0,1,5,249
2023-04-19,5,medium,rural,bogo,0,0,4,242
2023-04-20,47,medium,urban,flat_discount,0,0,2,239
2023-04-20,22,large,semi-urban,bogo,0,0,9,302
2023-04-21,47,medium,rural,flat_discount,0,0,3,245
2023-04-21,34,medium,rural,category_offer,0,0,8,195
2023-04-21,1,medium,rural,bogo,0,0,6,225
2023-04-22,26,small,urban,category_offer,1,1,5,298
2023-04-22,43,medium,urban,flat_discount,1,0,1,356
2023-04-23,10,large,semi-urban,bogo,1,0,4,394
2023-04-27,30,medium,semi-urban,flat_discount,0,0,3,246
2023-04-30,50,large,semi-urban,flat_discount,1,0,1,363
2023-04-30,18,large,semi-urban,flat_discount,1,0,5,300
2023-05-03,17,large,rural,flat_discount,0,0,6,278
2023-05-03,26,large,urban,free_gift,0,1,2,394
2023-05-04,8,medium,rural,bogo,0,0,3,231
2023-05-04,47,medium,semi-urban,bogo,0,0,6,247
2023-05-05,40,medium,urban,bogo,0,0,4,298
2023-05-06,49,medium,semi-urban,loyalty_points,1,0,9,262
2023-05-07,12,medium,rural,loyalty_points,1,1,5,287
2023-05-08,27,medium,urban,free_gift,0,0,4,268
2023-05-08,8,medium,urban,bogo,0,0,2,312
2023-05-09,25,medium,rural,flat_discount,0,0,6,199
2023-05-12,46,small,urban,loyalty_points,0,0,2,268
2023-05-12,4,medium,semi-urban,flat_discount,0,0,7,227
2023-05-12,33,small,semi-urban,bogo,0,0,3,219
2023-05-14,1,large,semi-urban,bogo,1,0,9,318
2023-05-15,19,medium,semi-urban,bogo,0,0,5,314
2023-05-17,31,small,urban,flat_discount,0,0,8,254
2023-05-17,16,small,semi-urban,category_offer,0,0,6,163
2023-05-18,14,medium,urban,flat_discount,0,0,8,308
2023-05-18,48,medium,semi-urban,category_offer,0,0,3,241
2023-05-18,5,medium,urban,flat_discount,0,0,3,302
2023-05-19,41,small,semi-urban,flat_discount,0,0,5,206
2023-05-20,26,medium,urban,loyalty_points,1,0,3,287
2023-05-21,28,medium,urban,flat_discount,1,0,8,334
2023-05-24,2,medium,urban,category_offer,0,0,8,242
2023-05-25,50,medium,urban,free_gift,0,1,2,409
2023-05-26,6,medium,rural,flat_discount,0,0,4,201
2023-05-26,9,small,urban,loyalty_points,0,0,1,265
2023-05-26,33,large,rural,flat_discount,0,0,4,270
2023-05-27,41,medium,rural,loyalty_points,1,0,4,250
2023-05-28,25,medium,semi-urban,flat_discount,1,0,9,308
2023-05-28,48,small,urban,loyalty_points,1,0,3,250
2023-05-29,13,medium,urban,flat_discount,0,1,2,400
2023-05-31,9,small,rural,free_gift,0,0,9,95
2023-05-31,13,medium,urban,category_offer,0,0,9,235
2023-06-01,31,large,urban,loyalty_points,0,0,1,283
2023-06-02,41,medium,semi-urban,loyalty_points,0,0,6,185
2023-06-02,11,small,rural,category_offer,0,0,8,150
2023-06-05,4,small,rural,loyalty_points,0,0,3,170
2023-06-05,34,medium,urban,flat_discount,0,0,9,295
2023-06-05,38,small,semi-urban,bogo,0,0,2,245
2023-06-06,46,small,urban,bogo,0,0,6,245
2023-06-08,4,large,urban,bogo,0,0,1,366
2023-06-08,38,medium,rural,bogo,0,0,7,242
2023-06-09,19,small,urban,free_gift,0,0,3,264
2023-06-09,6,large,urban,flat_discount,0,0,7,343
2023-06-10,34,small,urban,category_offer,1,0,4,273
2023-06-10,18,large,rural,flat_discount,1,0,9,280
2023-06-10,13,medium,rural,bogo,1,0,5,273
2023-06-16,41,large,semi-urban,free_gift,0,0,3,272
2023-06-18,23,medium,rural,category_offer,1,0,8,233
2023-06-21,19,large,urban,category_offer,0,0,6,308
2023-06-21,45,large,semi-urban,category_offer,0,0,2,296
2023-06-22,11,small,urban,flat_discount,0,0,3,254
2023-06-24,1,large,urban,free_gift,1,0,8,351
2023-06-25,24,medium,semi-urban,flat_discount,1,0,7,297
2023-06-26,7,medium,rural,bogo,0,0,6,229
2023-06-27,25,medium,urban,bogo,0,0,1,293
2023-06-30,21,medium,urban,flat_discount,0,0,9,234
2023-06-30,15,small,urban,bogo,0,0,3,253
2023-06-30,1,medium,urban,loyalty_points,0,0,5,266
2023-07-01,12,medium,rural,loyalty_points,1,0,7,216
2023-07-02,7,large,semi-urban,bogo,1,0,7,343
2023-07-04,15,large,semi-urban,flat_discount,0,0,3,312
2023-07-04,21,medium,rural,flat_discount,0,0,4,246
2023-07-05,19,medium,urban,bogo,0,0,7,272
2023-07-05,29,small,semi-urban,loyalty_points,0,0,8,195
2023-07-06,25,small,semi-urban,flat_discount,0,0,2,252
2023-07-08,33,small,semi-urban,category_offer,1,0,9,194
2023-07-11,49,medium,rural,flat_discount,0,1,7,283
2023-07-13,32,small,rural,loyalty_points,0,0,8,175
2023-07-14,49,large,urban,bogo,0,1,6,418
2023-07-15,35,medium,rural,category_offer,1,0,6,191
2023-07-17,44,medium,urban,bogo,0,0,9,258
2023-07-17,38,medium,urban,free_gift,0,0,4,271
2023-07-18,26,small,urban,flat_discount,0,0,5,220
2023-07-18,11,medium,urban,flat_discount,0,0,9,267
2023-07-18,35,medium,semi-urban,loyalty_points,0,0,1,232
2023-07-19,8,medium,semi-urban,loyalty_points,0,0,4,259
2023-07-20,46,medium,rural,loyalty_points,0,0,7,181
2023-07-20,14,large,semi-urban,free_gift,0,0,9,294
2023-07-21,10,large,semi-urban,category_offer,0,0,6,302
2023-07-23,2,medium,urban,flat_discount,1,0,8,361
2023-07-24,46,medium,urban,bogo,0,0,9,300
2023-07-24,9,medium,semi-urban,bogo,0,0,4,223
2023-07-28,3,small,semi-urban,category_offer,0,0,1,213
2023-07-28,21,medium,rural,bogo,0,0,8,262
2023-07-29,26,small,urban,flat_discount,1,0,2,301
2023-07-29,8,medium,urban,free_gift,1,0,1,375
2023-07-29,48,medium,semi-urban,category_offer,1,0,7,290
2023-07-31,2,small,urban,bogo,0,1,9,347
2023-08-01,6,large,urban,flat_discount,0,0,9,345
2023-08-01,28,large,semi-urban,flat_discount,0,0,3,309
2023-08-02,29,medium,urban,flat_discount,0,0,6,224
2023-08-02,26,medium,semi-urban,bogo,0,0,7,251
2023-08-03,25,large,urban,category_offer,0,0,9,322
2023-08-04,12,small,urban,free_gift,0,0,2,223
2023-08-08,5,large,urban,category_offer,0,0,8,290
2023-08-10,34,small,rural,bogo,0,0,7,172
2023-08-11,48,large,urban,category_offer,0,0,4,352
2023-08-11,37,small,rural,flat_discount,0,0,2,241
2023-08-11,15,large,urban,free_gift,0,1,8,363
2023-08-13,44,large,rural,category_offer,1,0,5,293
2023-08-16,36,small,urban,flat_discount,0,0,6,229
2023-08-16,15,medium,semi-urban,flat_discount,0,0,7,264
2023-08-17,43,large,semi-urban,loyalty_points,0,0,1,284
2023-08-18,48,medium,rural,bogo,0,0,8,256
2023-08-19,23,large,urban,category_offer,1,0,4,361
2023-08-21,6,medium,urban,flat_discount,0,0,9,351
2023-08-24,46,medium,urban,category_offer,0,0,1,251
2023-08-24,50,small,rural,bogo,0,0,2,171
2023-08-27,44,small,semi-urban,flat_discount,1,0,6,247
2023-08-27,43,large,rural,free_gift,1,0,1,272
2023-08-28,45,medium,urban,flat_discount,0,0,4,255
2023-08-30,21,medium,urban,bogo,0,0,8,270
2023-09-01,23,medium,urban,flat_discount,0,0,5,266
2023-09-02,43,medium,rural,flat_discount,1,0,9,239
2023-09-02,16,large,semi-urban,bogo,1,0,6,364
2023-09-05,47,large,rural,flat_discount,0,0,1,269
2023-09-05,15,medium,urban,loyalty_points,0,0,6,247
2023-09-05,25,large,semi-urban,flat_discount,0,0,6,314
2023-09-07,36,large,semi-urban,free_gift,0,0,6,257
2023-09-08,11,medium,urban,flat_discount,0,0,8,274
2023-09-09,15,large,rural,bogo,1,1,6,416
2023-09-12,4,small,rural,loyalty_points,0,0,5,106
2023-09-15,21,small,rural,flat_discount,0,0,2,139
2023-09-15,13,large,semi-urban,loyalty_points,0,0,4,271
2023-09-16,22,medium,urban,flat_discount,1,0,5,347
2023-09-16,19,large,urban,category_offer,1,0,4,404
2023-09-16,34,large,rural,free_gift,1,1,2,392
2023-09-17,14,small,urban,loyalty_points,1,1,7,354
2023-09-18,4,large,semi-urban,free_gift,0,0,2,284
2023-09-19,48,medium,semi-urban,free_gift,0,1,1,339
2023-09-20,46,medium,semi-urban,flat_discount,0,0,5,296
2023-09-20,27,medium,rural,flat_discount,0,0,1,188
2023-09-21,29,large,urban,loyalty_points,0,0,1,317
2023-09-24,47,small,urban,bogo,1,0,1,375
2023-09-25,28,medium,urban,bogo,0,1,6,389
2023-09-26,35,medium,semi-urban,category_offer,0,0,9,259
2023-09-26,8,medium,urban,bogo,0,0,1,301
2023-09-26,16,medium,urban,loyalty_points,0,0,5,254
2023-09-26,42,small,rural,category_offer,0,0,9,153
2023-09-26,36,small,rural,free_gift,0,0,9,107
2023-09-27,30,medium,urban,loyalty_points,0,1,1,317
2023-09-28,18,large,urban,flat_discount,0,0,8,293
2023-10-01,2,small,rural,bogo,1,0,1,282
2023-10-02,49,small,urban,free_gift,0,0,8,247
2023-10-02,13,large,urban,flat_discount,0,0,1,350
2023-10-03,4,small,urban,category_offer,0,0,5,245
2023-10-04,26,large,semi-urban,loyalty_points,0,0,8,246
2023-10-05,25,medium,urban,bogo,0,0,6,332
2023-10-07,30,large,rural,bogo,1,0,9,318
2023-10-08,11,small,semi-urban,loyalty_points,1,0,1,238
2023-10-08,7,small,semi-urban,bogo,1,0,9,256
2023-10-08,31,medium,urban,free_gift,1,0,1,349
2023-10-09,44,large,semi-urban,bogo,0,0,3,305
2023-10-10,10,medium,semi-urban,loyalty_points,0,0,1,256
2023-10-11,39,small,rural,free_gift,0,1,3,232
2023-10-15,13,large,rural,category_offer,1,0,2,271
2023-10-16,31,large,semi-urban,category_offer,0,0,2,296
2023-10-16,7,medium,rural,bogo,0,0,9,230
2023-10-18,49,large,rural,bogo,0,0,8,264
2023-10-18,42,large,rural,loyalty_points,0,0,1,269
2023-10-19,42,medium,urban,bogo,0,0,4,292
2023-10-20,36,small,urban,category_offer,0,0,1,231
2023-10-21,20,medium,urban,loyalty_points,1,0,1,346
2023-10-22,4,small,semi-urban,free_gift,1,0,4,286
2023-10-23,7,medium,semi-urban,category_offer,0,0,2,278
2023-10-23,1,medium,semi-urban,category_offer,0,0,3,228
2023-10-24,44,small,rural,loyalty_points,0,1,9,253
2023-10-24,45,medium,rural,bogo,0,0,2,230
2023-10-25,42,small,rural,flat_discount,0,0,4,170
2023-10-26,47,large,urban,bogo,0,0,1,298
2023-10-26,13,large,semi-urban,category_offer,0,0,2,320
2023-10-26,22,small,urban,free_gift,0,0,5,213
2023-10-27,21,large,urban,category_offer,0,0,1,313
2023-10-28,22,medium,urban,bogo,1,0,7,321
2023-10-28,28,small,urban,category_offer,1,0,4,290
2023-10-28,9,small,semi-urban,flat_discount,1,0,6,247
2023-10-29,26,medium,rural,category_offer,1,0,8,208
2023-10-30,9,large,urban,free_gift,0,0,6,323
2023-11-01,15,medium,semi-urban,flat_discount,0,0,2,228
2023-11-03,10,small,semi-urban,bogo,0,0,1,221
2023-11-03,24,small,urban,category_offer,0,0,8,163
2023-11-05,42,medium,semi-urban,free_gift,1,0,8,240
2023-11-07,8,small,urban,flat_discount,0,0,9,242
2023-11-07,24,small,semi-urban,loyalty_points,0,0,6,127
2023-11-07,16,small,semi-urban,category_offer,0,1,1,244
2023-11-08,49,large,urban,loyalty_points,0,0,9,282
2023-11-13,26,large,urban,bogo,0,0,3,337
2023-11-13,27,medium,semi-urban,free_gift,0,0,6,286
2023-11-13,37,large,rural,loyalty_points,0,0,9,268
2023-11-14,4,medium,urban,free_gift,0,0,3,259
2023-11-15,50,medium,semi-urban,category_offer,0,0,5,243
2023-11-15,24,small,semi-urban,bogo,0,0,5,248
2023-11-16,19,medium,rural,bogo,0,0,7,224
2023-11-16,36,large,rural,flat_discount,0,0,4,235
2023-11-16,39,medium,semi-urban,flat_discount,0,0,4,257
2023-11-17,10,medium,semi-urban,flat_discount,0,0,7,244
2023-11-18,25,medium,rural,flat_discount,1,0,9,252
2023-11-19,18,small,urban,loyalty_points,1,0,4,274
2023-11-19,19,large,urban,flat_discount,1,0,4,359
2023-11-20,36,medium,urban,category_offer,0,0,6,233
2023-11-20,10,medium,rural,loyalty_points,0,1,6,274
2023-11-20,33,medium,rural,free_gift,0,0,7,218
2023-11-21,50,medium,urban,flat_discount,0,0,1,272
2023-11-21,5,small,semi-urban,category_offer,0,0,3,219
2023-11-21,47,medium,semi-urban,free_gift,0,0,9,183
2023-11-22,49,small,urban,category_offer,0,0,6,207
2023-11-23,35,medium,rural,category_offer,0,0,6,195
2023-11-24,44,large,urban,loyalty_points,0,0,5,279
2023-11-28,34,large,urban,free_gift,0,0,3,306
2023-11-28,33,medium,semi-urban,bogo,0,0,5,316
2023-11-29,21,medium,semi-urban,category_offer,0,1,1,300
2023-11-30,17,small,urban,flat_discount,0,0,3,317
2023-11-30,22,large,semi-urban,loyalty_points,0,0,4,273
2023-11-30,48,small,semi-urban,flat_discount,0,0,5,217
2023-12-01,37,medium,urban,bogo,0,0,9,304
2023-12-01,15,small,urban,category_offer,0,0,4,291
2023-12-01,35,small,semi-urban,free_gift,0,0,3,181
2023-12-03,28,medium,urban,bogo,1,0,1,333
2023-12-04,7,small,rural,free_gift,0,0,6,153
2023-12-05,32,medium,rural,loyalty_points,0,1,7,269
2023-12-06,11,medium,rural,bogo,0,0,8,192
2023-12-08,10,small,urban,loyalty_points,0,0,1,227
2023-12-10,9,medium,rural,flat_discount,1,1,4,400
2023-12-10,14,small,semi-urban,category_offer,1,0,5,238
2023-12-10,13,small,urban,loyalty_points,1,0,2,261
2023-12-11,25,medium,urban,flat_discount,0,0,1,286
2023-12-11,2,small,urban,bogo,0,0,8,278
2023-12-11,35,large,semi-urban,flat_discount,0,0,6,271
2023-12-11,7,small,semi-urban,category_offer,0,0,5,236
2023-12-12,21,small,urban,free_gift,0,0,9,271
2023-12-13,18,medium,semi-urban,category_offer,0,0,2,245
2023-12-14,3,medium,urban,flat_discount,0,0,8,280
2023-12-15,42,small,semi-urban,flat_discount,0,0,9,228
2023-12-15,39,medium,urban,flat_discount,0,0,1,329
2023-12-15,41,small,rural,bogo,0,0,7,178
2023-12-15,49,large,rural,free_gift,0,0,8,232
2023-12-16,11,medium,semi-urban,loyalty_points,1,0,3,237
2023-12-18,39,large,urban,category_offer,0,0,4,318
2023-12-19,24,large,urban,bogo,0,0,3,367
2023-12-20,46,medium,rural,loyalty_points,0,0,7,155
2023-12-21,19,large,urban,category_offer,0,0,9,281
2023-12-22,4,medium,urban,loyalty_points,0,0,3,227
2023-12-23,26,large,urban,free_gift,1,0,6,334
2023-12-24,38,small,semi-urban,bogo,1,0,8,279
2023-12-25,42,medium,semi-urban,flat_discount,0,1,6,313
2023-12-26,32,medium,rural,category_offer,0,0,2,206
2023-12-27,39,medium,urban,flat_discount,0,0,7,243
2023-12-27,45,medium,urban,bogo,0,0,2,318
2023-12-28,46,medium,rural,free_gift,0,1,2,302
2023-12-28,36,small,rural,free_gift,0,0,2,165
2023-12-28,40,small,urban,free_gift,0,0,1,242
2023-12-28,37,medium,semi-urban,flat_discount,0,0,1,271
2023-12-30,33,medium,urban,bogo,1,0,7,323
2023-12-30,36,large,rural,free_gift,1,0,5,263
2023-12-31,3,large,urban,loyalty_points,1,0,3,391
2023-12-31,9,large,rural,category_offer,1,0,1,286
2024-01-01,8,medium,semi-urban,loyalty_points,0,1,6,294
2024-01-02,33,small,semi-urban,category_offer,0,1,1,307
2024-01-02,6,small,urban,free_gift,0,0,9,311
2024-01-03,41,large,semi-urban,flat_discount,0,0,2,272
2024-01-05,39,medium,semi-urban,category_offer,0,0,1,253
2024-01-05,4,small,urban,free_gift,0,0,7,211
2024-01-06,13,medium,semi-urban,free_gift,1,0,6,268
2024-01-06,49,large,rural,free_gift,1,0,6,278
2024-01-08,2,medium,semi-urban,free_gift,0,0,5,211
2024-01-08,5,medium,semi-urban,bogo,0,0,4,271
2024-01-09,44,medium,urban,free_gift,0,0,4,241
2024-01-09,27,small,semi-urban,flat_discount,0,0,3,244
2024-01-09,32,medium,urban,category_offer,0,0,8,257
2024-01-10,21,medium,semi-urban,flat_discount,0,0,7,259
2024-01-11,8,small,rural,flat_discount,0,0,9,166
2024-01-13,38,large,semi-urban,bogo,1,0,1,357
2024-01-14,8,medium,urban,category_offer,1,0,7,311
2024-01-16,50,large,urban,bogo,0,0,4,318
2024-01-18,3,large,semi-urban,bogo,0,0,7,295
2024-01-18,44,small,semi-urban,free_gift,0,0,1,190
2024-01-18,3,medium,rural,bogo,0,0,5,222
2024-01-19,22,medium,rural,loyalty_points,0,0,3,148
2024-01-20,6,large,semi-urban,loyalty_points,1,0,5,338
2024-01-20,2,small,urban,free_gift,1,0,4,265
2024-01-21,23,medium,urban,bogo,1,1,2,468
2024-01-21,44,medium,urban,category_offer,1,0,4,339
2024-01-22,2,small,urban,flat_discount,0,0,3,223
2024-01-22,38,small,semi-urban,free_gift,0,1,1,264
2024-01-23,17,medium,semi-urban,bogo,0,0,8,325
2024-01-24,35,medium,semi-urban,loyalty_points,0,0,5,263
2024-01-24,34,medium,urban,flat_discount,0,0,4,292
2024-01-25,23,medium,urban,free_gift,0,0,5,281
2024-01-28,30,medium,urban,category_offer,1,1,4,377
2024-01-29,8,medium,urban,free_gift,0,0,3,291
2024-01-29,22,small,rural,flat_discount,0,0,5,172
2024-01-29,44,large,urban,loyalty_points,0,0,4,247
2024-01-29,36,small,semi-urban,free_gift,0,0,1,178
2024-01-29,5,medium,urban,free_gift,0,0,3,281
2024-01-31,13,small,rural,flat_discount,0,0,8,152
2024-01-31,29,small,semi-urban,free_gift,0,0,7,192
2024-01-31,31,medium,urban,bogo,0,0,2,287
2024-02-01,47,small,semi-urban,flat_discount,0,0,1,207
2024-02-02,16,large,semi-urban,flat_discount,0,0,3,322
2024-02-02,42,small,rural,loyalty_points,0,0,5,161
2024-02-03,30,medium,urban,flat_discount,1,0,1,346
2024-02-03,16,medium,rural,flat_discount,1,0,3,302
2024-02-03,12,small,rural,free_gift,1,0,3,238
2024-02-03,17,small,rural,category_offer,1,0,5,246
2024-02-06,16,medium,semi-urban,flat_discount,0,0,3,249
2024-02-06,12,medium,semi-urban,free_gift,0,1,9,297
2024-02-06,8,medium,semi-urban,flat_discount,0,0,1,234
2024-02-08,20,medium,rural,flat_discount,0,0,4,222
2024-02-08,3,medium,semi-urban,flat_discount,0,0,4,282
2024-02-09,16,small,semi-urban,loyalty_points,0,1,1,304
2024-02-10,30,medium,semi-urban,flat_discount,1,0,2,333
2024-02-10,45,large,semi-urban,flat_discount,1,0,1,307
2024-02-11,23,medium,rural,bogo,1,1,6,394
2024-02-13,28,medium,urban,loyalty_points,0,0,3,215
2024-02-14,40,medium,rural,bogo,0,0,7,261
2024-02-15,5,large,semi-urban,bogo,0,0,5,300
2024-02-15,20,large,rural,flat_discount,0,0,9,275
2024-02-16,40,medium,semi-urban,bogo,0,0,7,230
2024-02-16,44,large,urban,free_gift,0,0,4,347
2024-02-17,1,small,rural,free_gift,1,0,5,183
2024-02-17,30,small,urban,bogo,1,0,5,293
2024-02-18,21,large,rural,bogo,1,0,5,305
2024-02-19,20,large,semi-urban,flat_discount,0,0,9,239
2024-02-20,6,small,semi-urban,bogo,0,0,3,238
2024-02-23,22,small,urban,flat_discount,0,0,6,292
2024-02-24,18,small,semi-urban,category_offer,1,0,8,292
2024-02-24,8,small,urban,loyalty_points,1,0,9,250
2024-02-24,39,large,urban,loyalty_points,1,0,7,361
2024-02-29,32,medium,urban,loyalty_points,0,0,3,266
2024-03-01,33,medium,urban,free_gift,0,0,1,299
2024-03-02,16,medium,rural,category_offer,1,0,4,244
2024-03-02,12,small,rural,bogo,1,0,6,251
2024-03-04,38,small,urban,category_offer,0,1,3,324
2024-03-04,34,medium,semi-urban,free_gift,0,0,1,237
2024-03-04,14,large,urban,free_gift,0,0,6,310
2024-03-05,36,large,semi-urban,category_offer,0,0,1,280
2024-03-05,33,small,rural,bogo,0,0,9,213
2024-03-05,23,large,rural,bogo,0,0,1,270
2024-03-06,50,large,semi-urban,loyalty_points,0,0,6,255
2024-03-07,45,large,rural,flat_discount,0,0,1,329
2024-03-08,2,medium,urban,free_gift,0,0,7,298
2024-03-08,41,medium,rural,loyalty_points,0,0,3,234
2024-03-08,21,medium,urban,free_gift,0,0,6,272
2024-03-08,2,small,semi-urban,free_gift,0,1,7,282
2024-03-10,27,small,semi-urban,flat_discount,1,0,1,297
2024-03-10,9,small,semi-urban,bogo,1,0,1,326
2024-03-11,1,medium,urban,loyalty_points,0,0,5,206
2024-03-12,11,medium,rural,free_gift,0,0,6,179
2024-03-12,3,medium,urban,free_gift,0,0,9,295
2024-03-14,23,small,semi-urban,flat_discount,0,0,1,220
2024-03-15,26,large,urban,flat_discount,0,0,4,316
2024-03-15,4,large,urban,loyalty_points,0,0,8,254
2024-03-15,18,large,semi-urban,bogo,0,0,9,284
2024-03-15,6,large,semi-urban,free_gift,0,0,3,250
2024-03-16,35,medium,urban,flat_discount,1,0,2,396
2024-03-16,22,large,urban,category_offer,1,0,4,352
2024-03-16,43,small,semi-urban,loyalty_points,1,0,2,232
2024-03-16,15,medium,rural,free_gift,1,0,1,286
2024-03-17,22,small,rural,flat_discount,1,0,3,265
2024-03-17,37,small,urban,free_gift,1,0,7,297
2024-03-22,42,small,urban,category_offer,0,0,1,263
2024-03-24,12,medium,urban,bogo,1,0,2,343
2024-03-24,47,large,urban,loyalty_points,1,0,1,344
2024-03-24,49,medium,semi-urban,category_offer,1,0,8,285
2024-03-25,42,small,semi-urban,loyalty_points,0,1,5,246
2024-03-25,38,large,urban,free_gift,0,0,8,305
2024-03-25,18,medium,urban,flat_discount,0,0,3,305
2024-03-25,45,medium,urban,bogo,0,0,7,318
2024-03-26,35,medium,rural,flat_discount,0,0,8,176
2024-03-26,30,small,rural,loyalty_points,0,0,6,169
2024-03-26,24,medium,urban,category_offer,0,0,7,253
2024-03-26,42,large,urban,category_offer,0,1,2,411
2024-03-27,30,small,rural,bogo,0,1,8,295
2024-03-27,14,medium,rural,flat_discount,0,0,5,270
2024-03-29,6,large,semi-urban,category_offer,0,0,7,297
2024-03-31,3,medium,urban,free_gift,1,1,1,445
2024-03-31,16,small,urban,flat_discount,1,0,5,331
2024-04-01,7,small,semi-urban,free_gift,0,0,1,219
2024-04-02,14,small,urban,flat_discount,0,0,8,241
2024-04-02,9,medium,urban,bogo,0,0,4,329
2024-04-02,15,medium,semi-urban,free_gift,0,0,4,261
2024-04-02,21,small,urban,flat_discount,0,0,2,251
2024-04-03,35,large,rural,loyalty_points,0,0,5,245
2024-04-03,2,medium,urban,flat_discount,0,0,1,301
2024-04-04,27,small,urban,flat_discount,0,0,9,216
2024-04-04,2,medium,semi-urban,flat_discount,0,0,5,287
2024-04-05,35,medium,urban,category_offer,0,0,6,263
2024-04-06,18,small,rural,bogo,1,0,2,310
2024-04-06,14,small,semi-urban,free_gift,1,0,1,216
2024-04-07,20,large,urban,flat_discount,1,1,4,444
2024-04-07,18,medium,semi-urban,flat_discount,1,1,7,374
2024-04-08,10,medium,urban,bogo,0,0,6,330
2024-04-10,25,medium,rural,category_offer,0,0,1,226
2024-04-10,2,small,urban,loyalty_points,0,0,1,234
2024-04-10,25,small,semi-urban,flat_discount,0,0,8,177
2024-04-11,33,medium,urban,free_gift,0,1,4,329
2024-04-12,36,small,semi-urban,loyalty_points,0,1,5,268
2024-04-13,31,small,rural,bogo,1,0,7,209
2024-04-15,14,large,rural,category_offer,0,0,8,222
2024-04-15,1,large,urban,flat_discount,0,0,7,336
2024-04-17,46,large,urban,loyalty_points,0,0,2,279
2024-04-17,16,large,rural,category_offer,0,0,4,288
2024-04-17,46,small,rural,loyalty_points,0,0,1,197
2024-04-20,3,large,urban,category_offer,1,0,9,298
2024-04-22,35,small,semi-urban,bogo,0,0,3,212
2024-04-23,41,large,urban,loyalty_points,0,0,3,243
2024-04-24,6,large,rural,bogo,0,0,9,253
2024-04-26,25,medium,urban,bogo,0,0,3,330
2024-04-27,13,large,urban,category_offer,1,0,8,330
2024-04-28,34,medium,rural,category_offer,1,0,2,270
2024-04-28,8,small,urban,loyalty_points,1,0,3,227
2024-04-29,21,medium,semi-urban,flat_discount,0,1,2,363
2024-04-30,34,medium,semi-urban,category_offer,0,0,1,228
2024-04-30,4,small,urban,category_offer,0,0,2,234
2024-05-01,25,medium,urban,flat_discount,0,0,8,278
2024-05-02,15,large,semi-urban,bogo,0,0,9,266
2024-05-02,4,small,urban,bogo,0,0,2,245
2024-05-03,45,large,semi-urban,bogo,0,0,7,328
2024-05-03,12,large,rural,loyalty_points,0,1,5,324
2024-05-03,32,large,rural,category_offer,0,0,3,277
2024-05-04,32,large,urban,category_offer,1,0,9,346
2024-05-06,28,medium,urban,loyalty_points,0,0,6,255
2024-05-08,13,large,urban,bogo,0,1,1,393
2024-05-10,31,large,urban,category_offer,0,0,5,298
2024-05-10,14,small,semi-urban,bogo,0,0,7,223
2024-05-13,20,medium,semi-urban,loyalty_points,0,0,4,271
2024-05-13,18,medium,urban,flat_discount,0,1,8,378
2024-05-14,29,small,urban,loyalty_points,0,0,5,253
2024-05-15,6,medium,urban,flat_discount,0,0,9,292
2024-05-16,32,medium,semi-urban,bogo,0,0,9,240
2024-05-16,29,small,urban,category_offer,0,0,9,215
2024-05-18,43,medium,semi-urban,bogo,1,0,1,332
2024-05-20,2,large,urban,free_gift,0,0,2,300
2024-05-21,23,medium,rural,bogo,0,0,3,241
2024-05-21,19,small,rural,category_offer,0,1,4,242
2024-05-21,31,small,urban,flat_discount,0,0,9,278
2024-05-22,5,medium,urban,flat_discount,0,0,6,234
2024-05-22,19,large,semi-urban,bogo,0,1,1,432
2024-05-25,34,small,urban,free_gift,1,0,9,244
2024-05-25,10,medium,semi-urban,flat_discount,1,0,6,262
2024-05-26,25,small,rural,bogo,1,0,4,282
2024-05-26,2,medium,semi-urban,bogo,1,0,4,336
2024-05-26,11,large,rural,flat_discount,1,0,3,352
2024-05-27,50,medium,urban,free_gift,0,1,7,369
2024-05-28,31,small,urban,loyalty_points,0,0,3,272
2024-05-28,15,medium,semi-urban,flat_discount,0,0,2,277
2024-05-30,9,small,urban,free_gift,0,0,8,222
2024-05-30,23,medium,semi-urban,category_offer,0,0,4,241
2024-05-30,19,medium,urban,bogo,0,1,8,407
2024-06-01,9,small,urban,category_offer,1,1,1,342
2024-06-01,35,small,rural,bogo,1,0,5,233
2024-06-01,21,medium,urban,free_gift,1,0,9,300
2024-06-02,9,large,rural,flat_discount,1,0,1,274
2024-06-02,28,large,rural,category_offer,1,0,4,296
2024-06-03,46,small,rural,category_offer,0,0,6,114
2024-06-03,7,large,semi-urban,flat_discount,0,0,8,287
2024-06-04,16,medium,semi-urban,bogo,0,0,3,297
2024-06-06,16,medium,rural,loyalty_points,0,0,5,183
2024-06-09,33,large,urban,bogo,1,0,7,425
2024-06-10,4,large,semi-urban,free_gift,0,0,1,255
2024-06-11,4,large,semi-urban,loyalty_points,0,0,7,283
2024-06-12,39,medium,semi-urban,category_offer,0,0,8,237
2024-06-13,40,medium,semi-urban,free_gift,0,0,8,188
2024-06-14,17,large,urban,category_offer,0,1,9,440
2024-06-15,37,small,semi-urban,loyalty_points,1,0,6,220
2024-06-15,39,medium,rural,free_gift,1,0,6,235
2024-06-16,29,medium,urban,free_gift,1,0,2,293
2024-06-16,36,medium,rural,bogo,1,0,3,290
2024-06-17,38,small,semi-urban,loyalty_points,0,1,4,259
2024-06-18,39,small,rural,category_offer,0,0,4,170
2024-06-18,50,large,semi-urban,flat_discount,0,0,8,278
2024-06-18,37,small,rural,loyalty_points,0,1,1,262
2024-06-20,35,medium,urban,free_gift,0,0,4,268
2024-06-21,7,small,rural,flat_discount,0,0,4,144
2024-06-23,27,small,urban,free_gift,1,0,1,288
2024-06-24,28,small,rural,bogo,0,0,3,151
2024-06-27,22,small,rural,loyalty_points,0,0,5,163
2024-06-28,14,large,urban,flat_discount,0,0,6,302
2024-06-29,7,small,urban,category_offer,1,0,9,262
2024-06-30,37,large,rural,free_gift,1,1,9,400
2024-07-01,22,medium,urban,flat_discount,0,0,9,254
2024-07-02,5,medium,rural,loyalty_points,0,0,1,233
2024-07-02,2,medium,urban,free_gift,0,0,9,252
2024-07-03,27,medium,urban,bogo,0,0,8,339
2024-07-06,21,large,rural,free_gift,1,0,2,299
2024-07-07,38,small,semi-urban,loyalty_points,1,1,1,295
2024-07-07,15,medium,rural,bogo,1,0,1,319
2024-07-08,21,large,urban,flat_discount,0,0,6,316
2024-07-08,10,large,semi-urban,flat_discount,0,0,9,261
2024-07-09,23,large,semi-urban,bogo,0,0,7,292
2024-07-09,39,medium,semi-urban,category_offer,0,1,5,308
2024-07-09,5,large,semi-urban,free_gift,0,0,2,322
2024-07-09,1,medium,semi-urban,flat_discount,0,1,1,298
2024-07-10,13,medium,semi-urban,flat_discount,0,0,2,264
2024-07-11,21,small,urban,bogo,0,0,1,292
2024-07-13,26,medium,rural,loyalty_points,1,0,3,250
2024-07-13,50,small,urban,bogo,1,0,6,339
2024-07-14,45,medium,semi-urban,loyalty_points,1,0,8,254
2024-07-16,21,large,urban,free_gift,0,0,3,316
2024-07-17,18,small,semi-urban,flat_discount,0,0,9,217
2024-07-17,37,small,semi-urban,loyalty_points,0,0,5,182
2024-07-17,45,small,urban,free_gift,0,0,7,219
2024-07-18,32,large,urban,category_offer,0,0,8,308
2024-07-22,36,medium,urban,loyalty_points,0,1,3,324
2024-07-22,17,medium,semi-urban,flat_discount,0,0,2,248
2024-07-22,35,large,rural,flat_discount,0,0,2,265
2024-07-23,49,large,urban,category_offer,0,0,5,338
2024-07-23,11,medium,semi-urban,bogo,0,0,1,201
2024-07-24,21,medium,urban,flat_discount,0,0,2,308
2024-07-24,26,large,semi-urban,flat_discount,0,0,9,283
2024-07-24,4,medium,rural,flat_discount,0,0,7,181
2024-07-25,34,small,urban,category_offer,0,1,6,309
2024-07-25,48,large,semi-urban,flat_discount,0,0,9,294
2024-07-27,18,medium,urban,free_gift,1,0,7,328
2024-07-27,40,small,urban,free_gift,1,0,5,213
2024-07-27,35,medium,urban,bogo,1,0,9,372
2024-07-28,41,small,urban,flat_discount,1,0,6,273
2024-08-01,29,small,semi-urban,category_offer,0,0,6,204
2024-08-03,29,large,semi-urban,flat_discount,1,0,4,361
2024-08-04,38,small,semi-urban,category_offer,1,0,1,225
2024-08-04,42,medium,urban,loyalty_points,1,0,5,316
2024-08-05,21,medium,urban,bogo,0,0,9,283
2024-08-05,42,small,semi-urban,free_gift,0,0,8,139
2024-08-06,13,large,rural,free_gift,0,0,8,275
2024-08-08,49,small,urban,bogo,0,1,5,325
2024-08-09,41,medium,rural,loyalty_points,0,0,9,161
2024-08-09,17,medium,semi-urban,loyalty_points,0,0,3,215
2024-08-09,9,small,semi-urban,bogo,0,0,3,242
2024-08-11,41,small,semi-urban,free_gift,1,0,1,255
2024-08-12,1,medium,urban,loyalty_points,0,0,9,256
2024-08-12,2,large,urban,loyalty_points,0,0,6,258
2024-08-12,48,small,semi-urban,free_gift,0,0,2,190
2024-08-12,29,medium,urban,free_gift,0,0,8,263
2024-08-13,33,medium,rural,bogo,0,0,9,280
2024-08-13,10,large,semi-urban,loyalty_points,0,0,9,245
2024-08-14,50,medium,urban,flat_discount,0,1,2,406
2024-08-14,40,medium,semi-urban,free_gift,0,0,2,249
2024-08-14,21,medium,urban,bogo,0,0,7,286
2024-08-15,28,medium,semi-urban,bogo,0,0,4,266
2024-08-15,11,large,semi-urban,bogo,0,0,1,317
2024-08-15,34,small,rural,loyalty_points,0,0,8,161
2024-08-15,8,medium,rural,flat_discount,0,0,2,273
2024-08-15,22,large,semi-urban,free_gift,0,1,3,374
2024-08-15,8,large,semi-urban,flat_discount,0,0,5,324
2024-08-16,49,large,rural,flat_discount,0,0,3,251
2024-08-17,15,large,urban,bogo,1,0,7,373
2024-08-18,17,medium,urban,free_gift,1,0,7,295
2024-08-19,23,medium,urban,bogo,0,0,2,321
2024-08-21,24,medium,urban,bogo,0,1,7,370
2024-08-24,45,small,semi-urban,flat_discount,1,1,6,355
2024-08-25,19,medium,semi-urban,bogo,1,0,9,279
2024-08-26,5,medium,semi-urban,loyalty_points,0,0,9,209
2024-08-27,32,small,urban,loyalty_points,0,0,2,241
2024-08-28,44,large,semi-urban,bogo,0,0,7,252
2024-08-29,1,medium,urban,free_gift,0,1,5,408
2024-08-29,23,large,semi-urban,loyalty_points,0,0,6,249
2024-08-30,37,small,semi-urban,flat_discount,0,0,1,176
2024-08-30,8,small,urban,category_offer,0,0,7,222
2024-09-01,13,medium,urban,loyalty_points,1,0,6,297
2024-09-02,8,small,urban,flat_discount,0,1,4,330
2024-09-02,23,medium,rural,flat_discount,0,0,1,266
2024-09-04,43,large,rural,loyalty_points,0,0,9,241
2024-09-07,1,small,semi-urban,free_gift,1,0,4,255
2024-09-07,45,medium,urban,flat_discount,1,0,2,355
2024-09-07,24,medium,semi-urban,bogo,1,0,8,303
2024-09-08,35,medium,semi-urban,bogo,1,0,2,368
2024-09-08,24,large,rural,category_offer,1,0,5,253
2024-09-09,17,large,urban,category_offer,0,0,6,305
2024-09-09,5,medium,urban,loyalty_points,0,0,8,247
2024-09-10,20,medium,semi-urban,bogo,0,0,1,302
2024-09-10,21,medium,urban,free_gift,0,0,1,265
2024-09-10,40,large,urban,free_gift,0,0,4,274
2024-09-11,31,medium,urban,bogo,0,0,5,308
2024-09-12,46,medium,semi-urban,flat_discount,0,0,9,250
2024-09-14,36,large,rural,loyalty_points,1,0,7,311
2024-09-14,11,small,rural,loyalty_points,1,0,7,162
2024-09-16,15,large,semi-urban,free_gift,0,1,8,379
2024-09-16,19,small,semi-urban,free_gift,0,0,5,259
2024-09-16,7,medium,urban,flat_discount,0,0,5,280
2024-09-18,28,medium,semi-urban,free_gift,0,0,1,219
2024-09-19,43,large,urban,category_offer,0,0,9,282
2024-09-19,5,large,semi-urban,free_gift,0,0,6,277
2024-09-19,5,medium,urban,loyalty_points,0,0,9,257
2024-09-19,30,medium,urban,free_gift,0,0,3,266
2024-09-21,32,medium,urban,bogo,1,0,5,388
2024-09-21,8,large,urban,category_offer,1,0,2,331
2024-09-22,10,medium,urban,flat_discount,1,0,5,291
2024-09-23,38,medium,urban,bogo,0,0,8,323
2024-09-23,47,small,rural,bogo,0,0,2,157
2024-09-23,32,large,semi-urban,bogo,0,0,8,295
2024-09-24,48,medium,semi-urban,category_offer,0,1,4,390
2024-09-29,28,medium,rural,free_gift,1,0,1,271
2024-09-29,17,small,rural,category_offer,1,0,5,181
2024-09-30,31,large,semi-urban,free_gift,0,1,1,370
2024-09-30,8,small,rural,bogo,0,0,7,197
2024-10-03,40,medium,urban,category_offer,0,0,8,260
2024-10-03,25,large,urban,flat_discount,0,0,3,352
2024-10-04,9,medium,semi-urban,flat_discount,0,1,3,315
2024-10-05,2,small,semi-urban,free_gift,1,1,7,361
2024-10-05,15,medium,semi-urban,bogo,1,0,4,324
2024-10-05,50,large,urban,flat_discount,1,0,3,399
2024-10-06,3,medium,urban,category_offer,1,0,8,285
2024-10-08,49,large,semi-urban,free_gift,0,0,3,318
2024-10-09,36,small,urban,bogo,0,0,7,252
2024-10-09,4,medium,semi-urban,loyalty_points,0,0,2,235
2024-10-10,14,medium,semi-urban,free_gift,0,0,1,228
2024-10-11,41,large,semi-urban,loyalty_points,0,0,6,232
2024-10-12,41,small,rural,flat_discount,1,0,8,243
2024-10-12,25,large,rural,free_gift,1,0,1,300
2024-10-13,50,medium,semi-urban,loyalty_points,1,0,9,231
2024-10-13,10,medium,semi-urban,free_gift,1,0,3,274
2024-10-14,21,small,semi-urban,category_offer,0,0,3,213
2024-10-16,36,large,urban,bogo,0,0,4,332
2024-10-16,12,small,urban,flat_discount,0,0,1,259
2024-10-16,27,medium,urban,free_gift,0,0,9,263
2024-10-17,40,small,semi-urban,bogo,0,1,3,268
2024-10-17,2,large,semi-urban,loyalty_points,0,0,4,226
2024-10-17,13,medium,rural,flat_discount,0,0,1,250
2024-10-18,32,large,urban,loyalty_points,0,0,4,279
2024-10-18,31,small,urban,loyalty_points,0,0,1,253
2024-10-19,16,medium,rural,flat_discount,1,0,5,299
2024-10-21,32,medium,urban,bogo,0,0,5,322
2024-10-21,32,large,semi-urban,loyalty_points,0,0,7,299
2024-10-22,34,large,semi-urban,loyalty_points,0,0,8,248
2024-10-23,11,small,semi-urban,bogo,0,0,4,249
2024-10-25,10,medium,urban,bogo,0,1,7,364
2024-10-25,15,small,urban,free_gift,0,0,4,299
2024-10-25,17,medium,urban,category_offer,0,0,3,320
2024-10-27,40,small,semi-urban,bogo,1,0,6,272
2024-10-28,18,medium,semi-urban,category_offer,0,0,4,242
2024-10-28,9,medium,urban,flat_discount,0,0,3,329
2024-10-29,25,medium,semi-urban,flat_discount,0,0,9,239
2024-11-01,40,medium,rural,bogo,0,0,5,228
2024-11-04,14,medium,urban,bogo,0,0,7,320
2024-11-04,25,medium,semi-urban,bogo,0,0,6,268
2024-11-04,50,small,semi-urban,free_gift,0,0,5,204
2024-11-05,22,large,urban,bogo,0,0,7,318
2024-11-05,30,small,urban,flat_discount,0,0,6,204
2024-11-06,20,medium,semi-urban,bogo,0,0,2,284
2024-11-06,21,medium,rural,loyalty_points,0,0,3,223
2024-11-06,44,medium,rural,bogo,0,0,2,248
2024-11-08,32,small,semi-urban,bogo,0,0,3,271
2024-11-08,46,medium,semi-urban,free_gift,0,0,1,234
2024-11-09,49,large,urban,loyalty_points,1,0,8,304
2024-11-10,21,medium,semi-urban,flat_discount,1,0,6,295
2024-11-11,35,medium,semi-urban,category_offer,0,0,2,236
2024-11-12,32,medium,urban,category_offer,0,0,8,275
2024-11-12,30,small,semi-urban,free_gift,0,0,6,177
2024-11-14,39,medium,semi-urban,flat_discount,0,0,7,283
2024-11-15,49,large,urban,category_offer,0,0,1,366
2024-11-15,12,small,rural,flat_discount,0,0,7,183
2024-11-17,41,small,urban,free_gift,1,0,3,317
2024-11-17,47,small,urban,category_offer,1,0,8,234
2024-11-18,18,medium,urban,flat_discount,0,1,6,393
2024-11-22,21,large,rural,loyalty_points,0,0,4,264
2024-11-22,13,small,semi-urban,flat_discount,0,0,8,227
2024-11-25,21,medium,urban,loyalty_points,0,0,9,242
2024-11-26,8,small,semi-urban,free_gift,0,0,2,135
2024-11-26,46,large,urban,flat_discount,0,0,6,310
2024-11-28,40,small,rural,flat_discount,0,0,5,174
2024-11-28,46,medium,semi-urban,loyalty_points,0,1,5,275
2024-11-28,7,medium,semi-urban,flat_discount,0,0,3,264
2024-11-28,23,medium,rural,flat_discount,0,0,8,210
2024-11-28,44,medium,urban,bogo,0,1,8,355
2024-11-28,32,medium,urban,free_gift,0,1,5,328
2024-11-29,11,medium,semi-urban,free_gift,0,0,8,213
2024-11-30,22,small,rural,flat_discount,1,0,8,254
2024-12-01,22,small,urban,bogo,1,0,3,299
2024-12-01,43,medium,urban,flat_discount,1,0,2,331
2024-12-02,25,small,urban,flat_discount,0,0,9,226
2024-12-03,22,small,semi-urban,bogo,0,0,2,247
2024-12-05,28,medium,urban,category_offer,0,0,9,264
2024-12-05,29,large,semi-urban,flat_discount,0,0,4,221
2024-12-06,13,medium,rural,bogo,0,0,2,279
2024-12-06,18,small,semi-urban,bogo,0,0,1,277
2024-12-07,2,small,urban,loyalty_points,1,0,4,236
2024-12-08,29,large,semi-urban,loyalty_points,1,0,9,268
2024-12-08,21,small,urban,category_offer,1,0,9,246
2024-12-10,15,small,rural,flat_discount,0,0,4,174
2024-12-10,27,medium,semi-urban,flat_discount,0,0,9,248
2024-12-12,50,medium,urban,bogo,0,0,6,253
2024-12-12,31,medium,semi-urban,bogo,0,1,1,334
2024-12-12,15,small,semi-urban,free_gift,0,0,6,235
2024-12-12,23,small,semi-urban,category_offer,0,0,9,154
2024-12-13,24,large,urban,loyalty_points,0,0,2,335
2024-12-13,44,small,rural,loyalty_points,0,0,6,160
2024-12-13,13,medium,rural,bogo,0,0,2,208
2024-12-15,22,medium,semi-urban,category_offer,1,0,4,293
2024-12-17,43,medium,rural,bogo,0,0,8,233
2024-12-17,37,medium,urban,flat_discount,0,0,7,272
2024-12-17,33,small,semi-urban,category_offer,0,0,9,184
2024-12-18,3,medium,semi-urban,flat_discount,0,0,7,260
2024-12-21,19,large,semi-urban,bogo,1,0,1,384
2024-12-22,23,large,semi-urban,bogo,1,0,2,393
2024-12-22,29,small,urban,category_offer,1,0,6,277
2024-12-24,30,small,urban,category_offer,0,0,7,184
2024-12-28,39,large,urban,bogo,1,0,3,384
2024-12-28,44,medium,urban,category_offer,1,0,9,371
2024-12-29,47,large,semi-urban,bogo,1,0,7,367
2024-12-31,25,small,urban,bogo,0,0,6,321
2024-12-31,37,medium,urban,category_offer,0,0,6,296
